StageID,MonsterID,IsFixedPosition,PositionX,PositionY,PositionZ,SpawnWeight
1_1,2,true,-13.31324,0.08,72.18511,1
1_1,2,true,3.804229,0.08,65.82926,1
1_1,2,true,-12.61092,0.08,84.49599,1
1_1,3,true,1.826246,0.08,74.20782,1
1_1,3,true,-6.045512,0.08,75.21701,1
