StageID,MonsterID,IsFixedPosition,PositionX,PositionY,PositionZ,SpawnWeight
1_9,7,true,323.1823,0.6699176,-240.5686,1
1_9,7,true,321.2813,0.6699128,-253.6732,1
1_9,8,true,312.1111,0.6699209,-245.1428,1
1_9,8,true,316.9191,0.6699224,-233.3539,1
1_9,7,true,332.7993,0.6699185,-229.0388,1
1_9,8,true,323.9466,0.6699142,-246.7062,1
