{
    "musicVolume": 0.699999988079071,
    "sfxVolume": 0.800000011920929,
    "fullscreen": true,
    "resolutionIndex": 0
}